--poblarOK
-- Insert into directorios
INSERT INTO directorios (idRazaEspecie, tipoAnimal, nombreRaza, origen, tamanoPromedio, esperanzaVida, caracteristicasFisicas, comportamientoCaracteristico, alimentacionRecomendada, enfermedadesComunes, regulacionLegal, habitad)
VALUES ('1', 'Perro', 'Labrador Retriever', 'Inglaterra', 'Grande', 12, 'Pelaje corto, orejas caídas', 'Amigable, inteligente, obediente', 'Balanceada', 'Displasia de cadera', 'S', 'Terrestre');

INSERT INTO directorios (idRazaEspecie, tipoAnimal, nombreRaza, origen, tamanoPromedio, esperanzaVida, caracteristicasFisicas, comportamientoCaracteristico, alimentacionRecomendada, enfermedadesComunes, regulacionLegal, habitad)
VALUES ('2', 'Gato', 'Siamés', 'Tailandia', 'Mediano', 15, 'Pelaje corto, color punto', 'Carácter extrovertido, vocal', 'Balanceada', 'Obesidad', 'S', 'Doméstico');

INSERT INTO directorios (idRazaEspecie, tipoAnimal, nombreRaza, origen, tamanoPromedio, esperanzaVida, caracteristicasFisicas, comportamientoCaracteristico, alimentacionRecomendada, enfermedadesComunes, regulacionLegal, habitad)
VALUES ('3', 'Ave', 'Canario', 'Islas Canarias', 'Pequeño', 10, 'Plumaje brillante, canto melodioso', 'Sociable, activo', 'Semillas, frutas', 'Parásitos intestinales', 'N', 'Aéreo');

INSERT INTO directorios (idRazaEspecie, tipoAnimal, nombreRaza, origen, tamanoPromedio, esperanzaVida, caracteristicasFisicas, comportamientoCaracteristico, alimentacionRecomendada, enfermedadesComunes, regulacionLegal, habitad)
VALUES ('4', 'Gato', 'Persa', 'Irán', 'Mediano', 14, 'Pelaje largo y sedoso', 'Tranquilo, cariñoso', 'Alimentación especial para el pelaje', 'Problemas respiratorios', 'S', 'Doméstico');

INSERT INTO directorios (idRazaEspecie, tipoAnimal, nombreRaza, origen, tamanoPromedio, esperanzaVida, caracteristicasFisicas, comportamientoCaracteristico, alimentacionRecomendada, enfermedadesComunes, regulacionLegal, habitad)
VALUES ('5', 'Perro', 'Bulldog Francés', 'Francia', 'Pequeño', 11, 'Cuerpo compacto, orejas grandes', 'Juguetón, afectuoso', 'Alimentación equilibrada', 'Problemas respiratorios', 'S', 'Terrestre');

INSERT INTO directorios (idRazaEspecie, tipoAnimal, nombreRaza, origen, tamanoPromedio, esperanzaVida, caracteristicasFisicas, comportamientoCaracteristico, alimentacionRecomendada, enfermedadesComunes, regulacionLegal, habitad)
VALUES ('6', 'Ave', 'Periquito', 'Australia', 'Pequeño', 7, 'Plumaje brillante, variedad de colores', 'Sociable, curioso', 'Semillas, frutas, verduras', 'Resfriados', 'N', 'Aéreo');

INSERT INTO directorios (idRazaEspecie, tipoAnimal, nombreRaza, origen, tamanoPromedio, esperanzaVida, caracteristicasFisicas, comportamientoCaracteristico, alimentacionRecomendada, enfermedadesComunes, regulacionLegal, habitad)
VALUES ('7', 'Perro', 'Golden Retriever', 'Escocia', 'Grande', 11, 'Pelaje denso y suave, color dorado', 'Amigable, inteligente', 'Balanceada', 'Displasia de cadera', 'S', 'Terrestre');

INSERT INTO directorios (idRazaEspecie, tipoAnimal, nombreRaza, origen, tamanoPromedio, esperanzaVida, caracteristicasFisicas, comportamientoCaracteristico, alimentacionRecomendada, enfermedadesComunes, regulacionLegal, habitad)
VALUES ('8', 'Gato', 'Maine Coon', 'Estados Unidos', 'Grande', 12, 'Pelaje largo y espeso', 'Sociable, gentil', 'Alimentación equilibrada', 'Problemas cardíacos', 'S', 'Doméstico');

INSERT INTO directorios (idRazaEspecie, tipoAnimal, nombreRaza, origen, tamanoPromedio, esperanzaVida, caracteristicasFisicas, comportamientoCaracteristico, alimentacionRecomendada, enfermedadesComunes, regulacionLegal, habitad)
VALUES ('9', 'Perro', 'Chihuahua', 'México', 'Muy pequeño', 15, 'Cabeza grande, orejas paradas', 'Alerta, leal', 'Alimentación especial para razas pequeñas', 'Problemas dentales', 'S', 'Terrestre');

INSERT INTO directorios (idRazaEspecie, tipoAnimal, nombreRaza, origen, tamanoPromedio, esperanzaVida, caracteristicasFisicas, comportamientoCaracteristico, alimentacionRecomendada, enfermedadesComunes, regulacionLegal, habitad)
VALUES ('10', 'Ave', 'Perico Australiano', 'Australia', 'Pequeño', 15, 'Plumaje brillante, cresta en la cabeza', 'Curioso, juguetón', 'Semillas, frutas, verduras', 'Problemas respiratorios', 'N', 'Aéreo');

INSERT INTO directorios (idRazaEspecie, tipoAnimal, nombreRaza, origen, tamanoPromedio, esperanzaVida, caracteristicasFisicas, comportamientoCaracteristico, alimentacionRecomendada, enfermedadesComunes, regulacionLegal, habitad)
VALUES ('11', 'Perro', 'Dachshund', 'Alemania', 'Pequeño', 14, 'Cuerpo largo, patas cortas', 'Valiente, curioso', 'Alimentación equilibrada', 'Problemas de espalda', 'S', 'Terrestre');

INSERT INTO directorios (idRazaEspecie, tipoAnimal, nombreRaza, origen, tamanoPromedio, esperanzaVida, caracteristicasFisicas, comportamientoCaracteristico, alimentacionRecomendada, enfermedadesComunes, regulacionLegal, habitad)
VALUES ('12', 'Gato', 'Bengala', 'Estados Unidos', 'Mediano', 12, 'Pelaje con manchas similares a un leopardo', 'Energético, juguetón', 'Alimentación rica en proteínas', 'Problemas renales', 'S', 'Doméstico');

INSERT INTO directorios (idRazaEspecie, tipoAnimal, nombreRaza, origen, tamanoPromedio, esperanzaVida, caracteristicasFisicas, comportamientoCaracteristico, alimentacionRecomendada, enfermedadesComunes, regulacionLegal, habitad)
VALUES ('13', 'Ave', 'Loro Gris Africano', 'África', 'Mediano', 50, 'Plumaje gris, cola roja', 'Inteligente, hablador', 'Frutas, verduras, nueces', 'Psitacosis', 'N', 'Aéreo');

INSERT INTO directorios (idRazaEspecie, tipoAnimal, nombreRaza, origen, tamanoPromedio, esperanzaVida, caracteristicasFisicas, comportamientoCaracteristico, alimentacionRecomendada, enfermedadesComunes, regulacionLegal, habitad)
VALUES ('14', 'Perro', 'Poodle', 'Francia', 'Mediano', 15, 'Pelaje rizado, cola alta', 'Inteligente, activo', 'Alimentación balanceada', 'Problemas oculares', 'S', 'Terrestre');

INSERT INTO directorios (idRazaEspecie, tipoAnimal, nombreRaza, origen, tamanoPromedio, esperanzaVida, caracteristicasFisicas, comportamientoCaracteristico, alimentacionRecomendada, enfermedadesComunes, regulacionLegal, habitad)
VALUES ('15', 'Gato', 'Sphynx', 'Diversos', 'Pequeño', 12, 'Sin pelo, piel arrugada', 'Afable, curioso', 'Alimentación alta en calorías', 'Problemas de piel', 'S', 'Doméstico');

INSERT INTO directorios (idRazaEspecie, tipoAnimal, nombreRaza, origen, tamanoPromedio, esperanzaVida, caracteristicasFisicas, comportamientoCaracteristico, alimentacionRecomendada, enfermedadesComunes, regulacionLegal, habitad)
VALUES ('16', 'Ave', 'Cacatúa', 'Australia', 'Grande', 50, 'Plumaje blanco, cresta en la cabeza', 'Sociable, ruidosa', 'Semillas, frutas, verduras', 'Problemas respiratorios', 'N', 'Aéreo');

INSERT INTO directorios (idRazaEspecie, tipoAnimal, nombreRaza, origen, tamanoPromedio, esperanzaVida, caracteristicasFisicas, comportamientoCaracteristico, alimentacionRecomendada, enfermedadesComunes, regulacionLegal, habitad)
VALUES ('17', 'Perro', 'Shiba Inu', 'Japón', 'Pequeño', 15, 'Pelaje denso, cola rizada', 'Alerta, leal', 'Alimentación equilibrada', 'Problemas de cadera', 'S', 'Terrestre');

INSERT INTO directorios (idRazaEspecie, tipoAnimal, nombreRaza, origen, tamanoPromedio, esperanzaVida, caracteristicasFisicas, comportamientoCaracteristico, alimentacionRecomendada, enfermedadesComunes, regulacionLegal, habitad)
VALUES ('18', 'Gato', 'Ragdoll', 'Estados Unidos', 'Grande', 15, 'Pelaje semilargo, colores claros', 'Tranquilo, dócil', 'Alimentación balanceada', 'Problemas cardíacos', 'S', 'Doméstico');

-- Insert into clientes
INSERT INTO clientes (documentoId, nombre, apellido, numTelefono, activo, direccion, correoElectronico)
VALUES ('12345678901', 'Juan', 'Perez', '987654321', 'S', 'Calle 123', 'juan@example.com');

INSERT INTO clientes (documentoId, nombre, apellido, numTelefono, activo, direccion, correoElectronico)
VALUES ('23456789012', 'Ana', 'González', '876543210', 'S', 'Avenida Principal', 'ana@example.com');

INSERT INTO clientes (documentoId, nombre, apellido, numTelefono, activo, direccion, correoElectronico)
VALUES ('34567890123', 'Carlos', 'Martínez', '765432109', 'S', 'Plaza Central', 'carlos@example.com');

INSERT INTO clientes (documentoId, nombre, apellido, numTelefono, activo, direccion, correoElectronico)
VALUES ('56789012345', 'Sofía', 'Rodríguez', '543210987', 'S', 'Avenida Secundaria', 'sofia@example.com');

INSERT INTO clientes (documentoId, nombre, apellido, numTelefono, activo, direccion, correoElectronico)
VALUES ('67890123456', 'Diego', 'López', '432109876', 'S', 'Calle Tranquila', 'diego@example.com');

INSERT INTO clientes (documentoId, nombre, apellido, numTelefono, activo, direccion, correoElectronico)
VALUES ('78901234567', 'Valentina', 'Martínez', '321098765', 'S', 'Boulevard Central', 'valentina@example.com');

INSERT INTO clientes (documentoId, nombre, apellido, numTelefono, activo, direccion, correoElectronico)
VALUES ('89012345678', 'Javier', 'García', '210987654', 'S', 'Plaza Peatonal', 'javier@example.com');

INSERT INTO clientes (documentoId, nombre, apellido, numTelefono, activo, direccion, correoElectronico)
VALUES ('90123456789', 'Mariana', 'Hernández', '109876543', 'S', 'Rincón Escondido', 'mariana@example.com');

INSERT INTO clientes (documentoId, nombre, apellido, numTelefono, activo, direccion, correoElectronico)
VALUES ('01234567890', 'Alejandro', 'Díaz', '987654321', 'S', 'Callejón sin Salida', 'alejandro@example.com');

INSERT INTO clientes (documentoId, nombre, apellido, numTelefono, activo, direccion, correoElectronico)
VALUES ('12345098765', 'Camila', 'Torres', '876543210', 'S', 'Camino Empedrado', 'camila@example.com');

INSERT INTO clientes (documentoId, nombre, apellido, numTelefono, activo, direccion, correoElectronico)
VALUES ('23450987654', 'Mateo', 'Jiménez', '765432109', 'S', 'Pasaje Estrecho', 'mateo@example.com');

INSERT INTO clientes (documentoId, nombre, apellido, numTelefono, activo, direccion, correoElectronico)
VALUES ('34509876543', 'Isabella', 'Ramírez', '654321098', 'S', 'Avenida Ancha', 'isabella@example.com');

INSERT INTO clientes (documentoId, nombre, apellido, numTelefono, activo, direccion, correoElectronico)
VALUES ('45678901234', 'Adrián', 'Ortega', '543210987', 'S', 'Paseo Peatonal', 'adrian@example.com');


-- Insert into pacientes
INSERT INTO pacientes (idPaciente, cliente, nombrePac, especie, raza, fechaRegistro, peso, sexo, fechaNacimiento, edad, comportamiento, numeroChip, esterilizado, fechaActualizacion)
VALUES ('P1', '12345678901', 'Max', 'Perro', '1', TO_DATE('2022-01-01', 'YYYY-MM-DD'), 10.5, 'M', TO_DATE('2021-01-01', 'YYYY-MM-DD'), 2, 'Juguetón, amigable', '123456789012345', 'N', TO_DATE('2022-01-01', 'YYYY-MM-DD'));

INSERT INTO pacientes (idPaciente, cliente, nombrePac, especie, raza, fechaRegistro, peso, sexo, fechaNacimiento, edad, comportamiento, numeroChip, esterilizado, fechaActualizacion)
VALUES ('P2', '23456789012', 'Luna', 'Gato', '2', TO_DATE('2022-02-15', 'YYYY-MM-DD'), 5.0, 'H', TO_DATE('2021-02-15', 'YYYY-MM-DD'), 1, 'Curiosa, vocal', '234567890123456', 'S', TO_DATE('2022-02-15', 'YYYY-MM-DD'));

INSERT INTO pacientes (idPaciente, cliente, nombrePac, especie, raza, fechaRegistro, peso, sexo, fechaNacimiento, edad, comportamiento, numeroChip, esterilizado, fechaActualizacion)
VALUES ('P3', '34567890123', 'Simba', 'León', '3', TO_DATE('2022-03-20', 'YYYY-MM-DD'), 200.0, 'M', TO_DATE('2021-03-20', 'YYYY-MM-DD'), 3, 'Valiente, majestuoso', '345678901234567', 'N', TO_DATE('2022-03-20', 'YYYY-MM-DD'));

INSERT INTO pacientes (idPaciente, cliente, nombrePac, especie, raza, fechaRegistro, peso, sexo, fechaNacimiento, edad, comportamiento, numeroChip, esterilizado, fechaActualizacion)
VALUES ('P4', '23456789012', 'Pelusa', 'Gato', '2', TO_DATE('2022-04-01', 'YYYY-MM-DD'), 4.2, 'H', TO_DATE('2021-04-01', 'YYYY-MM-DD'), 1, 'Tranquila, curiosa', '234567890123457', 'N', TO_DATE('2022-04-01', 'YYYY-MM-DD'));

INSERT INTO pacientes (idPaciente, cliente, nombrePac, especie, raza, fechaRegistro, peso, sexo, fechaNacimiento, edad, comportamiento, numeroChip, esterilizado, fechaActualizacion)
VALUES ('P5', '34567890123', 'Rocky', 'Perro', '1', TO_DATE('2022-05-15', 'YYYY-MM-DD'), 8.7, 'M', TO_DATE('2021-05-15', 'YYYY-MM-DD'), 2, 'Energético, leal', '345678901234568', 'S', TO_DATE('2022-05-15', 'YYYY-MM-DD'));

INSERT INTO pacientes (idPaciente, cliente, nombrePac, especie, raza, fechaRegistro, peso, sexo, fechaNacimiento, edad, comportamiento, numeroChip, esterilizado, fechaActualizacion)
VALUES ('P6', '45678901234', 'Kiara', 'Perro', '1', TO_DATE('2022-06-20', 'YYYY-MM-DD'), 6.3, 'H', TO_DATE('2021-06-20', 'YYYY-MM-DD'), 1, 'Cariñosa, juguetona', '456789012345678', 'N', TO_DATE('2022-06-20', 'YYYY-MM-DD'));

INSERT INTO pacientes (idPaciente, cliente, nombrePac, especie, raza, fechaRegistro, peso, sexo, fechaNacimiento, edad, comportamiento, numeroChip, esterilizado, fechaActualizacion)
VALUES ('P7', '56789012345', 'Maximus', 'Gato', '2', TO_DATE('2022-07-25', 'YYYY-MM-DD'), 5.5, 'M', TO_DATE('2021-07-25', 'YYYY-MM-DD'), 1, 'Aventurero, independiente', '567890123456789', 'N', TO_DATE('2022-07-25', 'YYYY-MM-DD'));

INSERT INTO pacientes (idPaciente, cliente, nombrePac, especie, raza, fechaRegistro, peso, sexo, fechaNacimiento, edad, comportamiento, numeroChip, esterilizado, fechaActualizacion)
VALUES ('P8', '67890123456', 'Lola', 'Perro', '1', TO_DATE('2022-08-30', 'YYYY-MM-DD'), 12.1, 'H', TO_DATE('2021-08-30', 'YYYY-MM-DD'), 2, 'Amigable, protectora', '678901234567890', 'S', TO_DATE('2022-08-30', 'YYYY-MM-DD'));

INSERT INTO pacientes (idPaciente, cliente, nombrePac, especie, raza, fechaRegistro, peso, sexo, fechaNacimiento, edad, comportamiento, numeroChip, esterilizado, fechaActualizacion)
VALUES ('P9', '78901234567', 'Whiskers', 'Gato', '2', TO_DATE('2022-09-05', 'YYYY-MM-DD'), 3.8, 'H', TO_DATE('2021-09-05', 'YYYY-MM-DD'), 1, 'Curioso, tranquilo', '789012345678901', 'N', TO_DATE('2022-09-05', 'YYYY-MM-DD'));

INSERT INTO pacientes (idPaciente, cliente, nombrePac, especie, raza, fechaRegistro, peso, sexo, fechaNacimiento, edad, comportamiento, numeroChip, esterilizado, fechaActualizacion)
VALUES ('P10', '89012345678', 'Bella', 'Perro', '1', TO_DATE('2022-10-10', 'YYYY-MM-DD'), 9.0, 'H', TO_DATE('2021-10-10', 'YYYY-MM-DD'), 2, 'Afable, obediente', '890123456789012', 'N', TO_DATE('2022-10-10', 'YYYY-MM-DD'));

INSERT INTO pacientes (idPaciente, cliente, nombrePac, especie, raza, fechaRegistro, peso, sexo, fechaNacimiento, edad, comportamiento, numeroChip, esterilizado, fechaActualizacion)
VALUES ('P11', '90123456789', 'Mochi', 'Gato', '2', TO_DATE('2022-11-15', 'YYYY-MM-DD'), 4.0, 'M', TO_DATE('2021-11-15', 'YYYY-MM-DD'), 1, 'Juguetón, cariñoso', '901234567890123', 'N', TO_DATE('2022-11-15', 'YYYY-MM-DD'));

INSERT INTO pacientes (idPaciente, cliente, nombrePac, especie, raza, fechaRegistro, peso, sexo, fechaNacimiento, edad, comportamiento, numeroChip, esterilizado, fechaActualizacion)
VALUES ('P12', '01234567890', 'Oliver', 'Perro', '1', TO_DATE('2022-12-20', 'YYYY-MM-DD'), 6.8, 'M', TO_DATE('2021-12-20', 'YYYY-MM-DD'), 1, 'Inteligente, activo', '012345678901234', 'N', TO_DATE('2022-12-20', 'YYYY-MM-DD'));


-- Insert into empleados
INSERT INTO empleados (idEmpleado, nombre, apellido, fechaNacimiento, fechaRegistro, numeroTelefono, correoElectronico, salario, estadoEmpleado, empleado)
VALUES ('E1', 'Maria', 'Gomez', TO_DATE('1990-05-15', 'YYYY-MM-DD'), TO_DATE('2022-01-01', 'YYYY-MM-DD'), '5551234567', 'maria@example.com', 50000, 'A', 'S');

INSERT INTO empleados (idEmpleado, nombre, apellido, fechaNacimiento, fechaRegistro, numeroTelefono, correoElectronico, salario, estadoEmpleado, empleado)
VALUES ('E2', 'Luis', 'Hernández', TO_DATE('1985-10-20', 'YYYY-MM-DD'), TO_DATE('2022-01-05', 'YYYY-MM-DD'), '5559876543', 'luis@example.com', 60000, 'A', 'S');

INSERT INTO empleados (idEmpleado, nombre, apellido, fechaNacimiento, fechaRegistro, numeroTelefono, correoElectronico, salario, estadoEmpleado, empleado)
VALUES ('E3', 'Ana', 'Ramírez', TO_DATE('1992-03-08', 'YYYY-MM-DD'), TO_DATE('2022-02-10', 'YYYY-MM-DD'), '5552223333', 'ana@example.com', 55000, 'A', 'S');

INSERT INTO empleados (idEmpleado, nombre, apellido, fechaNacimiento, fechaRegistro, numeroTelefono, correoElectronico, salario, estadoEmpleado, empleado)
VALUES ('E4', 'Pedro', 'Fernández', TO_DATE('1987-06-30', 'YYYY-MM-DD'), TO_DATE('2022-06-01', 'YYYY-MM-DD'), '5551112233', 'pedro@example.com', 70000, 'A', 'S');

INSERT INTO empleados (idEmpleado, nombre, apellido, fechaNacimiento, fechaRegistro, numeroTelefono, correoElectronico, salario, estadoEmpleado, empleado)
VALUES ('E5', 'Laura', 'Torres', TO_DATE('1993-12-12', 'YYYY-MM-DD'), TO_DATE('2022-07-05', 'YYYY-MM-DD'), '5554445566', 'laura@example.com', 60000, 'A', 'S');

INSERT INTO empleados (idEmpleado, nombre, apellido, fechaNacimiento, fechaRegistro, numeroTelefono, correoElectronico, salario, estadoEmpleado, empleado)
VALUES ('E6', 'Roberto', 'Sánchez', TO_DATE('1982-02-18', 'YYYY-MM-DD'), TO_DATE('2022-08-10', 'YYYY-MM-DD'), '5557778899', 'roberto@example.com', 55000, 'A', 'S');

INSERT INTO empleados (idEmpleado, nombre, apellido, fechaNacimiento, fechaRegistro, numeroTelefono, correoElectronico, salario, estadoEmpleado, empleado)
VALUES ('E7', 'Carmen', 'Luna', TO_DATE('1990-09-05', 'YYYY-MM-DD'), TO_DATE('2022-09-15', 'YYYY-MM-DD'), '5550001111', 'carmen@example.com', 65000, 'A', 'S');

INSERT INTO empleados (idEmpleado, nombre, apellido, fechaNacimiento, fechaRegistro, numeroTelefono, correoElectronico, salario, estadoEmpleado, empleado)
VALUES ('E8', 'Javier', 'García', TO_DATE('1986-04-25', 'YYYY-MM-DD'), TO_DATE('2022-10-20', 'YYYY-MM-DD'), '5552223344', 'javier@example.com', 75000, 'A', 'S');

INSERT INTO empleados (idEmpleado, nombre, apellido, fechaNacimiento, fechaRegistro, numeroTelefono, correoElectronico, salario, estadoEmpleado, empleado)
VALUES ('E9', 'Sofía', 'Díaz', TO_DATE('1995-11-08', 'YYYY-MM-DD'), TO_DATE('2022-11-25', 'YYYY-MM-DD'), '5556667777', 'sofia@example.com', 70000, 'A', 'S');

INSERT INTO empleados (idEmpleado, nombre, apellido, fechaNacimiento, fechaRegistro, numeroTelefono, correoElectronico, salario, estadoEmpleado, empleado)
VALUES ('E10', 'Ricardo', 'Mendoza', TO_DATE('1984-07-03', 'YYYY-MM-DD'), TO_DATE('2023-01-01', 'YYYY-MM-DD'), '5558889999', 'ricardo@example.com', 80000, 'A', 'S');

INSERT INTO empleados (idEmpleado, nombre, apellido, fechaNacimiento, fechaRegistro, numeroTelefono, correoElectronico, salario, estadoEmpleado, empleado)
VALUES ('E11', 'Martha', 'López', TO_DATE('1991-03-15', 'YYYY-MM-DD'), TO_DATE('2023-02-05', 'YYYY-MM-DD'), '5551112233', 'martha@example.com', 75000, 'A', 'S');

INSERT INTO empleados (idEmpleado, nombre, apellido, fechaNacimiento, fechaRegistro, numeroTelefono, correoElectronico, salario, estadoEmpleado, empleado)
VALUES ('E12', 'Carlos', 'Ruiz', TO_DATE('1988-08-20', 'YYYY-MM-DD'), TO_DATE('2023-03-10', 'YYYY-MM-DD'), '5554445566', 'carlosr@example.com', 60000, 'A', 'S');

INSERT INTO empleados (idEmpleado, nombre, apellido, fechaNacimiento, fechaRegistro, numeroTelefono, correoElectronico, salario, estadoEmpleado, empleado)
VALUES ('E13', 'Ana', 'Santos', TO_DATE('1993-01-08', 'YYYY-MM-DD'), TO_DATE('2023-04-15', 'YYYY-MM-DD'), '5557778899', 'anas@example.com', 70000, 'A', 'S');

INSERT INTO empleados (idEmpleado, nombre, apellido, fechaNacimiento, fechaRegistro, numeroTelefono, correoElectronico, salario, estadoEmpleado, empleado)
VALUES ('E14', 'Jorge', 'Martínez', TO_DATE('1981-05-18', 'YYYY-MM-DD'), TO_DATE('2023-05-20', 'YYYY-MM-DD'), '5550001111', 'jorgem@example.com', 80000, 'A', 'S');

INSERT INTO empleados (idEmpleado, nombre, apellido, fechaNacimiento, fechaRegistro, numeroTelefono, correoElectronico, salario, estadoEmpleado, empleado)
VALUES ('E15', 'Elena', 'Gutiérrez', TO_DATE('1996-10-25', 'YYYY-MM-DD'), TO_DATE('2023-06-25', 'YYYY-MM-DD'), '5552223344', 'elena@example.com', 75000, 'A', 'S');

INSERT INTO empleados (idEmpleado, nombre, apellido, fechaNacimiento, fechaRegistro, numeroTelefono, correoElectronico, salario, estadoEmpleado, empleado)
VALUES ('E16', 'Diego', 'Pérez', TO_DATE('1983-02-08', 'YYYY-MM-DD'), TO_DATE('2023-07-01', 'YYYY-MM-DD'), '5556667777', 'diego@example.com', 60000, 'A', 'S');

INSERT INTO empleados (idEmpleado, nombre, apellido, fechaNacimiento, fechaRegistro, numeroTelefono, correoElectronico, salario, estadoEmpleado, empleado)
VALUES ('E17', 'Alejandra', 'Rodríguez', TO_DATE('1992-09-15', 'YYYY-MM-DD'), TO_DATE('2023-08-05', 'YYYY-MM-DD'), '5558889999', 'alejandra@example.com', 70000, 'A', 'S');

INSERT INTO empleados (idEmpleado, nombre, apellido, fechaNacimiento, fechaRegistro, numeroTelefono, correoElectronico, salario, estadoEmpleado, empleado)
VALUES ('E18', 'Manuel', 'Navarro', TO_DATE('1989-04-03', 'YYYY-MM-DD'), TO_DATE('2023-09-10', 'YYYY-MM-DD'), '5551112233', 'manuel@example.com', 80000, 'A', 'S');

-- Insert into certificaciones
INSERT INTO certificaciones (idCertificacion, numRegistroCertificacion, urlCertificacion, fechaEmision, fechaVencimiento, tipoCertificacion, institucionPersonaEmite, nombreCertificacion, contactoInstitucionPersona, documentoFisico, categoria, empleado)
VALUES ('C1', 123456, 'http://example.com/cert', TO_DATE('2022-01-01', 'YYYY-MM-DD'), TO_DATE('2023-01-01', 'YYYY-MM-DD'), 'A', 'Instituto Veterinario', 'Certificación Veterinaria', 5559876543, 'cert.pdf', 'V', 'E1');

INSERT INTO certificaciones (idCertificacion, numRegistroCertificacion, urlCertificacion, fechaEmision, fechaVencimiento, tipoCertificacion, institucionPersonaEmite, nombreCertificacion, contactoInstitucionPersona, documentoFisico, categoria, empleado)
VALUES ('C2', 789012, 'http://example.com/cert2', TO_DATE('2022-02-01', 'YYYY-MM-DD'), TO_DATE('2023-02-01', 'YYYY-MM-DD'), 'B', 'Asociación Médica', 'Certificación Cirugía', 5551234567, 'cert2.pdf', 'C', 'E2');

INSERT INTO certificaciones (idCertificacion, numRegistroCertificacion, urlCertificacion, fechaEmision, fechaVencimiento, tipoCertificacion, institucionPersonaEmite, nombreCertificacion, contactoInstitucionPersona, documentoFisico, categoria, empleado)
VALUES ('C3', 456789, 'http://example.com/cert3', TO_DATE('2022-03-01', 'YYYY-MM-DD'), TO_DATE('2023-03-01', 'YYYY-MM-DD'), 'A', 'Instituto de Análisis', 'Certificación Laboratorio', 5552223333, 'cert3.pdf', 'L', 'E3');

-- Insert into servicios
INSERT INTO servicios (idServicio, nombre, costo, empleado, tipo, fecha, fechaFin, paciente, estado, duracionEstimada, observaciones)
VALUES ('S1', 'Consulta General', 50.00, 'E1', 'M', TO_DATE('2022-01-02', 'YYYY-MM-DD'), TO_DATE('2022-01-02', 'YYYY-MM-DD'), 'P1', 'C', 30, 'Ninguna');

INSERT INTO servicios (idServicio, nombre, costo, empleado, tipo, fecha, fechaFin, paciente, estado, duracionEstimada, observaciones)
VALUES ('S2', 'Vacunación', 30.00, 'E2', 'M', TO_DATE('2022-02-15', 'YYYY-MM-DD'), TO_DATE('2022-02-15', 'YYYY-MM-DD'), 'P2', 'C', 15, 'Vacuna contra la rabia');

INSERT INTO servicios (idServicio, nombre, costo, empleado, tipo, fecha, fechaFin, paciente, estado, duracionEstimada, observaciones)
VALUES ('S3', 'Cirugía de Emergencia', 200.00, 'E3', 'Q', TO_DATE('2022-03-20', 'YYYY-MM-DD'), TO_DATE('2022-03-21', 'YYYY-MM-DD'), 'P3', 'C', 120, 'Apendicitis felina');

INSERT INTO servicios (idServicio, nombre, costo, empleado, tipo, fecha, fechaFin, paciente, estado, duracionEstimada, observaciones)
VALUES ('S4', 'Radiografía', 80.00, 'E1', 'D', TO_DATE('2022-01-05', 'YYYY-MM-DD'), TO_DATE('2022-01-05', 'YYYY-MM-DD'), 'P4', 'C', 45, 'Ninguna');

INSERT INTO servicios (idServicio, nombre, costo, empleado, tipo, fecha, fechaFin, paciente, estado, duracionEstimada, observaciones)
VALUES ('S5', 'Limpieza Dental', 60.00, 'E2', 'D', TO_DATE('2022-02-20', 'YYYY-MM-DD'), TO_DATE('2022-02-20', 'YYYY-MM-DD'), 'P5', 'C', 30, 'Con anestesia');

INSERT INTO servicios (idServicio, nombre, costo, empleado, tipo, fecha, fechaFin, paciente, estado, duracionEstimada, observaciones)
VALUES ('S6', 'Resonancia Magnética', 120.00, 'E3', 'D', TO_DATE('2022-03-10', 'YYYY-MM-DD'), TO_DATE('2022-03-11', 'YYYY-MM-DD'), 'P6', 'C', 90, 'Preparación especial');

INSERT INTO servicios (idServicio, nombre, costo, empleado, tipo, fecha, fechaFin, paciente, estado, duracionEstimada, observaciones)
VALUES ('S7', 'Ecografía', 70.00, 'E1', 'D', TO_DATE('2022-04-15', 'YYYY-MM-DD'), TO_DATE('2022-04-15', 'YYYY-MM-DD'), 'P7', 'C', 40, 'Con ayuno previo');

INSERT INTO servicios (idServicio, nombre, costo, empleado, tipo, fecha, fechaFin, paciente, estado, duracionEstimada, observaciones)
VALUES ('S8', 'Análisis de Orina', 45.00, 'E2', 'L', TO_DATE('2022-05-01', 'YYYY-MM-DD'), TO_DATE('2022-05-01', 'YYYY-MM-DD'), 'P8', 'C', 20, 'Muestra de la mañana');

INSERT INTO servicios (idServicio, nombre, costo, empleado, tipo, fecha, fechaFin, paciente, estado, duracionEstimada, observaciones)
VALUES ('S9', 'Odontograma', 55.00, 'E3', 'D', TO_DATE('2022-06-10', 'YYYY-MM-DD'), TO_DATE('2022-06-10', 'YYYY-MM-DD'), 'P9', 'C', 25, 'Registro dental');

INSERT INTO servicios (idServicio, nombre, costo, empleado, tipo, fecha, fechaFin, paciente, estado, duracionEstimada, observaciones)
VALUES ('S10', 'Electrocardiograma', 75.00, 'E1', 'M', TO_DATE('2022-07-15', 'YYYY-MM-DD'), TO_DATE('2022-07-15', 'YYYY-MM-DD'), 'P10', 'C', 35, 'Monitoreo cardíaco');

INSERT INTO servicios (idServicio, nombre, costo, empleado, tipo, fecha, fechaFin, paciente, estado, duracionEstimada, observaciones)
VALUES ('S11', 'Endoscopía', 90.00, 'E2', 'D', TO_DATE('2022-08-01', 'YYYY-MM-DD'), TO_DATE('2022-08-01', 'YYYY-MM-DD'), 'P11', 'C', 50, 'Inspección interna');

INSERT INTO servicios (idServicio, nombre, costo, empleado, tipo, fecha, fechaFin, paciente, estado, duracionEstimada, observaciones)
VALUES ('S12', 'Quimioterapia', 150.00, 'E3', 'T', TO_DATE('2022-09-10', 'YYYY-MM-DD'), TO_DATE('2022-09-12', 'YYYY-MM-DD'), 'P12', 'C', 120, 'Tratamiento oncológico');

INSERT INTO servicios (idServicio, nombre, costo, empleado, tipo, fecha, fechaFin, paciente, estado, duracionEstimada, observaciones)
VALUES ('S13', 'Fisioterapia', 55.00, 'E1', 'F', TO_DATE('2022-10-15', 'YYYY-MM-DD'), TO_DATE('2022-10-17', 'YYYY-MM-DD'), 'P1', 'C', 60, 'Rehabilitación postoperatoria');

INSERT INTO servicios (idServicio, nombre, costo, empleado, tipo, fecha, fechaFin, paciente, estado, duracionEstimada, observaciones)
VALUES ('S14', 'Dermatología', 65.00, 'E2', 'M', TO_DATE('2022-11-01', 'YYYY-MM-DD'), TO_DATE('2022-11-01', 'YYYY-MM-DD'), 'P2', 'C', 30, 'Tratamiento de la piel');

INSERT INTO servicios (idServicio, nombre, costo, empleado, tipo, fecha, fechaFin, paciente, estado, duracionEstimada, observaciones)
VALUES ('S15', 'Terapia de Comportamiento', 70.00, 'E3', 'F', TO_DATE('2022-12-10', 'YYYY-MM-DD'), TO_DATE('2022-12-12', 'YYYY-MM-DD'), 'P3', 'C', 80, 'Modificación conductual');

INSERT INTO servicios (idServicio, nombre, costo, empleado, tipo, fecha, fechaFin, paciente, estado, duracionEstimada, observaciones)
VALUES ('S16', 'Radioterapia', 120.00, 'E1', 'T', TO_DATE('2023-01-15', 'YYYY-MM-DD'), TO_DATE('2023-01-17', 'YYYY-MM-DD'), 'P4', 'C', 100, 'Tratamiento contra el cáncer');

INSERT INTO servicios (idServicio, nombre, costo, empleado, tipo, fecha, fechaFin, paciente, estado, duracionEstimada, observaciones)
VALUES ('S17', 'Neurología', 85.00, 'E2', 'M', TO_DATE('2023-02-01', 'YYYY-MM-DD'), TO_DATE('2023-02-01', 'YYYY-MM-DD'), 'P5', 'C', 45, 'Evaluación cerebral');

-- Insert into citas
INSERT INTO citas (idServicio, duracion, motivo, recetaMedica, fechaProxima)
VALUES ('S1', 1, 'Consulta regular', 'Medicamento X', TO_DATE('2022-01-10', 'YYYY-MM-DD'));

INSERT INTO citas (idServicio, duracion, motivo, recetaMedica, fechaProxima)
VALUES ('S2', 1, 'Seguimiento vacunación', 'Vacuna Y', TO_DATE('2022-02-20', 'YYYY-MM-DD'));

INSERT INTO citas (idServicio, duracion, motivo, recetaMedica, fechaProxima)
VALUES ('S3', 2, 'Postoperatorio', 'Analgésico Z', TO_DATE('2022-03-25', 'YYYY-MM-DD'));

INSERT INTO citas (idServicio, duracion, motivo, recetaMedica, fechaProxima)
VALUES ('S4', 1, 'Control radiográfico', 'N/A', TO_DATE('2022-01-20', 'YYYY-MM-DD'));

INSERT INTO citas (idServicio, duracion, motivo, recetaMedica, fechaProxima)
VALUES ('S5', 1, 'Revisión dental', 'N/A', TO_DATE('2022-02-25', 'YYYY-MM-DD'));

INSERT INTO citas (idServicio, duracion, motivo, recetaMedica, fechaProxima)
VALUES ('S6', 2, 'Seguimiento resonancia', 'N/A', TO_DATE('2022-03-15', 'YYYY-MM-DD'));

INSERT INTO citas (idServicio, duracion, motivo, recetaMedica, fechaProxima)
VALUES ('S7', 1, 'Ecografía abdominal', 'N/A', TO_DATE('2022-04-20', 'YYYY-MM-DD'));

INSERT INTO citas (idServicio, duracion, motivo, recetaMedica, fechaProxima)
VALUES ('S8', 1, 'Análisis de orina', 'N/A', TO_DATE('2022-05-15', 'YYYY-MM-DD'));

INSERT INTO citas (idServicio, duracion, motivo, recetaMedica, fechaProxima)
VALUES ('S9', 1, 'Revisión odontológica', 'N/A', TO_DATE('2022-06-20', 'YYYY-MM-DD'));

INSERT INTO citas (idServicio, duracion, motivo, recetaMedica, fechaProxima)
VALUES ('S10', 1, 'Electrocardiograma anual', 'N/A', TO_DATE('2022-07-25', 'YYYY-MM-DD'));

INSERT INTO citas (idServicio, duracion, motivo, recetaMedica, fechaProxima)
VALUES ('S11', 2, 'Endoscopía de seguimiento', 'N/A', TO_DATE('2022-08-15', 'YYYY-MM-DD'));

INSERT INTO citas (idServicio, duracion, motivo, recetaMedica, fechaProxima)
VALUES ('S12', 1, 'Inicio quimioterapia', 'Medicamento Q', TO_DATE('2022-09-20', 'YYYY-MM-DD'));

INSERT INTO citas (idServicio, duracion, motivo, recetaMedica, fechaProxima)
VALUES ('S13', 1, 'Fisioterapia postoperatoria', 'N/A', TO_DATE('2022-10-25', 'YYYY-MM-DD'));

INSERT INTO citas (idServicio, duracion, motivo, recetaMedica, fechaProxima)
VALUES ('S14', 1, 'Consulta dermatológica', 'N/A', TO_DATE('2022-11-20', 'YYYY-MM-DD'));

INSERT INTO citas (idServicio, duracion, motivo, recetaMedica, fechaProxima)
VALUES ('S15', 2, 'Terapia de comportamiento avanzada', 'N/A', TO_DATE('2022-12-15', 'YYYY-MM-DD'));

INSERT INTO citas (idServicio, duracion, motivo, recetaMedica, fechaProxima)
VALUES ('S16', 2, 'Seguimiento radioterapia', 'N/A', TO_DATE('2023-01-25', 'YYYY-MM-DD'));

INSERT INTO citas (idServicio, duracion, motivo, recetaMedica, fechaProxima)
VALUES ('S17', 1, 'Evaluación neurológica', 'N/A', TO_DATE('2023-02-20', 'YYYY-MM-DD'));




-- Insert into vacunas
INSERT INTO vacunas (idServicio, fechaProxima, dosis, lote)
VALUES ('S1', TO_DATE('2022-02-01', 'YYYY-MM-DD'), '0.5', 'LoteABC');

INSERT INTO vacunas (idServicio, fechaProxima, dosis, lote)
VALUES ('S2', TO_DATE('2022-03-15', 'YYYY-MM-DD'), '3', 'LoteXYZ');

INSERT INTO vacunas (idServicio, fechaProxima, dosis, lote)
VALUES ('S3', TO_DATE('2022-04-05', 'YYYY-MM-DD'), '5', 'Lote123');

INSERT INTO vacunas (idServicio, fechaProxima, dosis, lote)
VALUES ('S4', TO_DATE('2022-02-10', 'YYYY-MM-DD'), '1', 'LoteABC');

INSERT INTO vacunas (idServicio, fechaProxima, dosis, lote)
VALUES ('S5', TO_DATE('2022-03-05', 'YYYY-MM-DD'), '2', 'LoteXYZ');

INSERT INTO vacunas (idServicio, fechaProxima, dosis, lote)
VALUES ('S6', TO_DATE('2022-04-15', 'YYYY-MM-DD'), '3', 'Lote123');

INSERT INTO vacunas (idServicio, fechaProxima, dosis, lote)
VALUES ('S7', TO_DATE('2022-05-20', 'YYYY-MM-DD'), '1', 'Lote456');

INSERT INTO vacunas (idServicio, fechaProxima, dosis, lote)
VALUES ('S8', TO_DATE('2022-06-25', 'YYYY-MM-DD'), '2', 'Lote789');

INSERT INTO vacunas (idServicio, fechaProxima, dosis, lote)
VALUES ('S9', TO_DATE('2022-07-30', 'YYYY-MM-DD'), '3', 'LoteABC');

INSERT INTO vacunas (idServicio, fechaProxima, dosis, lote)
VALUES ('S10', TO_DATE('2022-08-10', 'YYYY-MM-DD'), '1', 'LoteXYZ');

INSERT INTO vacunas (idServicio, fechaProxima, dosis, lote)
VALUES ('S11', TO_DATE('2022-09-15', 'YYYY-MM-DD'), '2', 'Lote123');

INSERT INTO vacunas (idServicio, fechaProxima, dosis, lote)
VALUES ('S12', TO_DATE('2022-10-20', 'YYYY-MM-DD'), '3', 'Lote456');

INSERT INTO vacunas (idServicio, fechaProxima, dosis, lote)
VALUES ('S13', TO_DATE('2022-11-25', 'YYYY-MM-DD'), '1', 'Lote789');

INSERT INTO vacunas (idServicio, fechaProxima, dosis, lote)
VALUES ('S14', TO_DATE('2022-12-30', 'YYYY-MM-DD'), '2', 'LoteABC');

INSERT INTO vacunas (idServicio, fechaProxima, dosis, lote)
VALUES ('S15', TO_DATE('2023-01-10', 'YYYY-MM-DD'), '3', 'LoteXYZ');

INSERT INTO vacunas (idServicio, fechaProxima, dosis, lote)
VALUES ('S16', TO_DATE('2023-02-15', 'YYYY-MM-DD'), '1', 'Lote123');

INSERT INTO vacunas (idServicio, fechaProxima, dosis, lote)
VALUES ('S17', TO_DATE('2023-03-20', 'YYYY-MM-DD'), '2', 'Lote456');


-- Insert into cirugias
INSERT INTO cirugias (idServicio, duracion, equipoQuirurgico, complicaciones, recetaMedica, anestesia, fechaFin, estadoPos)
VALUES ('S1', 3, 'Equipo A', 'Ninguna', 'Antibiótico A', 'General', TO_DATE('2022-01-03', 'YYYY-MM-DD'), 'Recuperándose');

INSERT INTO cirugias (idServicio, duracion, equipoQuirurgico, complicaciones, recetaMedica, anestesia, fechaFin, estadoPos)
VALUES ('S2', 2, 'Equipo B', 'Ninguna', 'Analgesico B', 'Local', TO_DATE('2022-02-16', 'YYYY-MM-DD'), 'Recuperándose');

INSERT INTO cirugias (idServicio, duracion, equipoQuirurgico, complicaciones, recetaMedica, anestesia, fechaFin, estadoPos)
VALUES ('S3', 4, 'Equipo C', 'Infección leve', 'Antibiótico C', 'General', TO_DATE('2022-03-22', 'YYYY-MM-DD'), 'Recuperándose');

INSERT INTO cirugias (idServicio, duracion, equipoQuirurgico, complicaciones, recetaMedica, anestesia, fechaFin, estadoPos)
VALUES ('S4', 2, 'Equipo D', 'Ninguna', 'Analgesico D', 'Local', TO_DATE('2022-04-05', 'YYYY-MM-DD'), 'Recuperándose');

INSERT INTO cirugias (idServicio, duracion, equipoQuirurgico, complicaciones, recetaMedica, anestesia, fechaFin, estadoPos)
VALUES ('S5', 3, 'Equipo E', 'Infección leve', 'Antibiótico E', 'General', TO_DATE('2022-05-10', 'YYYY-MM-DD'), 'Recuperándose');

INSERT INTO cirugias (idServicio, duracion, equipoQuirurgico, complicaciones, recetaMedica, anestesia, fechaFin, estadoPos)
VALUES ('S6', 4, 'Equipo F', 'Ninguna', 'Analgesico F', 'Local', TO_DATE('2022-06-15', 'YYYY-MM-DD'), 'Recuperándose');

INSERT INTO cirugias (idServicio, duracion, equipoQuirurgico, complicaciones, recetaMedica, anestesia, fechaFin, estadoPos)
VALUES ('S7', 2, 'Equipo G', 'Ninguna', 'Analgesico G', 'Local', TO_DATE('2022-07-20', 'YYYY-MM-DD'), 'Recuperándose');

INSERT INTO cirugias (idServicio, duracion, equipoQuirurgico, complicaciones, recetaMedica, anestesia, fechaFin, estadoPos)
VALUES ('S8', 3, 'Equipo H', 'Infección leve', 'Antibiótico H', 'General', TO_DATE('2022-08-25', 'YYYY-MM-DD'), 'Recuperándose');

INSERT INTO cirugias (idServicio, duracion, equipoQuirurgico, complicaciones, recetaMedica, anestesia, fechaFin, estadoPos)
VALUES ('S9', 4, 'Equipo I', 'Ninguna', 'Analgesico I', 'Local', TO_DATE('2022-09-30', 'YYYY-MM-DD'), 'Recuperándose');

INSERT INTO cirugias (idServicio, duracion, equipoQuirurgico, complicaciones, recetaMedica, anestesia, fechaFin, estadoPos)
VALUES ('S10', 2, 'Equipo J', 'Ninguna', 'Analgesico J', 'Local', TO_DATE('2022-10-05', 'YYYY-MM-DD'), 'Recuperándose');

INSERT INTO cirugias (idServicio, duracion, equipoQuirurgico, complicaciones, recetaMedica, anestesia, fechaFin, estadoPos)
VALUES ('S11', 3, 'Equipo K', 'Infección leve', 'Antibiótico K', 'General', TO_DATE('2022-11-10', 'YYYY-MM-DD'), 'Recuperándose');

INSERT INTO cirugias (idServicio, duracion, equipoQuirurgico, complicaciones, recetaMedica, anestesia, fechaFin, estadoPos)
VALUES ('S12', 4, 'Equipo L', 'Ninguna', 'Analgesico L', 'Local', TO_DATE('2022-12-15', 'YYYY-MM-DD'), 'Recuperándose');

INSERT INTO cirugias (idServicio, duracion, equipoQuirurgico, complicaciones, recetaMedica, anestesia, fechaFin, estadoPos)
VALUES ('S13', 2, 'Equipo M', 'Ninguna', 'Analgesico M', 'Local', TO_DATE('2023-01-20', 'YYYY-MM-DD'), 'Recuperándose');

INSERT INTO cirugias (idServicio, duracion, equipoQuirurgico, complicaciones, recetaMedica, anestesia, fechaFin, estadoPos)
VALUES ('S14', 3, 'Equipo N', 'Infección leve', 'Antibiótico N', 'General', TO_DATE('2023-02-25', 'YYYY-MM-DD'), 'Recuperándose');

INSERT INTO cirugias (idServicio, duracion, equipoQuirurgico, complicaciones, recetaMedica, anestesia, fechaFin, estadoPos)
VALUES ('S15', 4, 'Equipo O', 'Ninguna', 'Analgesico O', 'Local', TO_DATE('2023-03-30', 'YYYY-MM-DD'), 'Recuperándose');

INSERT INTO cirugias (idServicio, duracion, equipoQuirurgico, complicaciones, recetaMedica, anestesia, fechaFin, estadoPos)
VALUES ('S16', 2, 'Equipo P', 'Ninguna', 'Analgesico P', 'Local', TO_DATE('2023-04-05', 'YYYY-MM-DD'), 'Recuperándose');

INSERT INTO cirugias (idServicio, duracion, equipoQuirurgico, complicaciones, recetaMedica, anestesia, fechaFin, estadoPos)
VALUES ('S17', 3, 'Equipo Q', 'Infección leve', 'Antibiótico Q', 'General', TO_DATE('2023-05-10', 'YYYY-MM-DD'), 'Recuperándose');


-- Insert into laboratorios
INSERT INTO laboratorios (idServicio, resultadoAnalisis, labRealizado, motivo)
VALUES ('S1', 'Análisis de sangre normal', 'Laboratorio ABC', 'Perfil de salud');

INSERT INTO laboratorios (idServicio, resultadoAnalisis, labRealizado, motivo)
VALUES ('S2', 'Resultados dentro de los parámetros', 'Laboratorio XYZ', 'Pruebas adicionales');

INSERT INTO laboratorios (idServicio, resultadoAnalisis, labRealizado, motivo)
VALUES ('S3', 'Sin anomalías detectadas', 'Laboratorio 123', 'Panel de control preoperatorio');

INSERT INTO laboratorios (idServicio, resultadoAnalisis, labRealizado, motivo)
VALUES ('S4', 'Análisis de orina normal', 'Laboratorio DEF', 'Perfil metabólico');

INSERT INTO laboratorios (idServicio, resultadoAnalisis, labRealizado, motivo)
VALUES ('S5', 'Resultados en rango', 'Laboratorio UVW', 'Pruebas de función hepática');

INSERT INTO laboratorios (idServicio, resultadoAnalisis, labRealizado, motivo)
VALUES ('S6', 'Presencia de parásitos', 'Laboratorio GHI', 'Examen de heces');

INSERT INTO laboratorios (idServicio, resultadoAnalisis, labRealizado, motivo)
VALUES ('S7', 'Análisis de sangre completo', 'Laboratorio JKL', 'Perfil hematológico');

INSERT INTO laboratorios (idServicio, resultadoAnalisis, labRealizado, motivo)
VALUES ('S8', 'Resultados normales', 'Laboratorio MNO', 'Panel de control de diabetes');

INSERT INTO laboratorios (idServicio, resultadoAnalisis, labRealizado, motivo)
VALUES ('S9', 'Ausencia de infecciones', 'Laboratorio PQR', 'Cultivo bacteriano');

INSERT INTO laboratorios (idServicio, resultadoAnalisis, labRealizado, motivo)
VALUES ('S10', 'Resultados dentro de los parámetros', 'Laboratorio STU', 'Análisis de lípidos');

INSERT INTO laboratorios (idServicio, resultadoAnalisis, labRealizado, motivo)
VALUES ('S11', 'Sin anomalías detectadas', 'Laboratorio VWX', 'Análisis de orina');

INSERT INTO laboratorios (idServicio, resultadoAnalisis, labRealizado, motivo)
VALUES ('S12', 'Resultados normales', 'Laboratorio YZA', 'Pruebas de función renal');

INSERT INTO laboratorios (idServicio, resultadoAnalisis, labRealizado, motivo)
VALUES ('S13', 'Presencia de anticuerpos', 'Laboratorio BCD', 'Pruebas de alergia');

INSERT INTO laboratorios (idServicio, resultadoAnalisis, labRealizado, motivo)
VALUES ('S14', 'Resultados negativos', 'Laboratorio EFG', 'Cultivo viral');

INSERT INTO laboratorios (idServicio, resultadoAnalisis, labRealizado, motivo)
VALUES ('S15', 'Análisis de sangre completo', 'Laboratorio HIJ', 'Perfil hematológico');

INSERT INTO laboratorios (idServicio, resultadoAnalisis, labRealizado, motivo)
VALUES ('S16', 'Resultados en rango', 'Laboratorio KLM', 'Pruebas de función hepática');

INSERT INTO laboratorios (idServicio, resultadoAnalisis, labRealizado, motivo)
VALUES ('S17', 'Análisis de orina normal', 'Laboratorio NOP', 'Perfil metabólico');



-- Insert into historial
INSERT INTO historial (idRegistro, fechaRegistro, servicio)
VALUES ('HIS1', TO_DATE('2022-01-02', 'YYYY-MM-DD'), 'S1');

INSERT INTO historial (idRegistro, fechaRegistro, servicio)
VALUES ('HIS2', TO_DATE('2022-02-15', 'YYYY-MM-DD'), 'S2');

INSERT INTO historial (idRegistro, fechaRegistro, servicio)
VALUES ('HIS3', TO_DATE('2022-03-20', 'YYYY-MM-DD'), 'S3');

INSERT INTO historial (idRegistro, fechaRegistro, servicio)
VALUES ('HIS4', TO_DATE('2022-04-15', 'YYYY-MM-DD'), 'S4');

INSERT INTO historial (idRegistro, fechaRegistro, servicio)
VALUES ('HIS5', TO_DATE('2022-05-20', 'YYYY-MM-DD'), 'S5');

INSERT INTO historial (idRegistro, fechaRegistro, servicio)
VALUES ('HIS6', TO_DATE('2022-06-25', 'YYYY-MM-DD'), 'S6');

INSERT INTO historial (idRegistro, fechaRegistro, servicio)
VALUES ('HIS7', TO_DATE('2022-07-30', 'YYYY-MM-DD'), 'S7');

INSERT INTO historial (idRegistro, fechaRegistro, servicio)
VALUES ('HIS8', TO_DATE('2022-08-05', 'YYYY-MM-DD'), 'S8');

INSERT INTO historial (idRegistro, fechaRegistro, servicio)
VALUES ('HIS9', TO_DATE('2022-09-10', 'YYYY-MM-DD'), 'S9');

INSERT INTO historial (idRegistro, fechaRegistro, servicio)
VALUES ('HIS10', TO_DATE('2022-10-15', 'YYYY-MM-DD'), 'S10');

INSERT INTO historial (idRegistro, fechaRegistro, servicio)
VALUES ('HIS11', TO_DATE('2022-11-20', 'YYYY-MM-DD'), 'S11');

INSERT INTO historial (idRegistro, fechaRegistro, servicio)
VALUES ('HIS12', TO_DATE('2022-12-25', 'YYYY-MM-DD'), 'S12');

INSERT INTO historial (idRegistro, fechaRegistro, servicio)
VALUES ('HIS13', TO_DATE('2023-01-30', 'YYYY-MM-DD'), 'S13');

INSERT INTO historial (idRegistro, fechaRegistro, servicio)
VALUES ('HIS14', TO_DATE('2023-02-05', 'YYYY-MM-DD'), 'S14');

INSERT INTO historial (idRegistro, fechaRegistro, servicio)
VALUES ('HIS15', TO_DATE('2023-03-10', 'YYYY-MM-DD'), 'S15');

INSERT INTO historial (idRegistro, fechaRegistro, servicio)
VALUES ('HIS16', TO_DATE('2023-04-15', 'YYYY-MM-DD'), 'S16');

INSERT INTO historial (idRegistro, fechaRegistro, servicio)
VALUES ('HIS17', TO_DATE('2023-05-20', 'YYYY-MM-DD'), 'S17');


-- Insert into guarderias
INSERT INTO guarderias (idGuarderia, fechaInicio, paciente, fechaFin, estado)
VALUES ('G1', TO_DATE('2022-01-15', 'YYYY-MM-DD'), 'P1', TO_DATE('2022-01-20', 'YYYY-MM-DD'), 'A');

INSERT INTO guarderias (idGuarderia, fechaInicio, paciente, fechaFin, estado)
VALUES ('G2', TO_DATE('2022-02-10', 'YYYY-MM-DD'), 'P2', TO_DATE('2022-02-15', 'YYYY-MM-DD'), 'A');

INSERT INTO guarderias (idGuarderia, fechaInicio, paciente, fechaFin, estado)
VALUES ('G3', TO_DATE('2022-03-05', 'YYYY-MM-DD'), 'P3', TO_DATE('2022-03-10', 'YYYY-MM-DD'), 'F');

INSERT INTO guarderias (idGuarderia, fechaInicio, paciente, fechaFin, estado)
VALUES ('G4', TO_DATE('2022-04-10', 'YYYY-MM-DD'), 'P1', TO_DATE('2022-04-15', 'YYYY-MM-DD'), 'A');

INSERT INTO guarderias (idGuarderia, fechaInicio, paciente, fechaFin, estado)
VALUES ('G5', TO_DATE('2022-05-05', 'YYYY-MM-DD'), 'P2', TO_DATE('2022-05-10', 'YYYY-MM-DD'), 'A');

INSERT INTO guarderias (idGuarderia, fechaInicio, paciente, fechaFin, estado)
VALUES ('G6', TO_DATE('2022-06-01', 'YYYY-MM-DD'), 'P3', TO_DATE('2022-06-05', 'YYYY-MM-DD'), 'F');

INSERT INTO guarderias (idGuarderia, fechaInicio, paciente, fechaFin, estado)
VALUES ('G7', TO_DATE('2022-07-01', 'YYYY-MM-DD'), 'P1', TO_DATE('2022-07-05', 'YYYY-MM-DD'), 'A');

INSERT INTO guarderias (idGuarderia, fechaInicio, paciente, fechaFin, estado)
VALUES ('G8', TO_DATE('2022-08-01', 'YYYY-MM-DD'), 'P2', TO_DATE('2022-08-05', 'YYYY-MM-DD'), 'A');

INSERT INTO guarderias (idGuarderia, fechaInicio, paciente, fechaFin, estado)
VALUES ('G9', TO_DATE('2022-09-01', 'YYYY-MM-DD'), 'P3', TO_DATE('2022-09-05', 'YYYY-MM-DD'), 'F');

INSERT INTO guarderias (idGuarderia, fechaInicio, paciente, fechaFin, estado)
VALUES ('G10', TO_DATE('2022-10-01', 'YYYY-MM-DD'), 'P1', TO_DATE('2022-10-05', 'YYYY-MM-DD'), 'A');

INSERT INTO guarderias (idGuarderia, fechaInicio, paciente, fechaFin, estado)
VALUES ('G11', TO_DATE('2022-11-01', 'YYYY-MM-DD'), 'P2', TO_DATE('2022-11-05', 'YYYY-MM-DD'), 'A');

INSERT INTO guarderias (idGuarderia, fechaInicio, paciente, fechaFin, estado)
VALUES ('G12', TO_DATE('2022-12-01', 'YYYY-MM-DD'), 'P3', TO_DATE('2022-12-05', 'YYYY-MM-DD'), 'F');

INSERT INTO guarderias (idGuarderia, fechaInicio, paciente, fechaFin, estado)
VALUES ('G13', TO_DATE('2023-01-01', 'YYYY-MM-DD'), 'P1', TO_DATE('2023-01-05', 'YYYY-MM-DD'), 'A');


-- Insert into horarioEmpleados
INSERT INTO horarioEmpleados (idHorario, empleado, fechaInicio, fechaFin, diaSemana, ocupado, rol)
VALUES ('H1', 'E1', TO_DATE('2022-01-01', 'YYYY-MM-DD'), TO_DATE('2022-12-31', 'YYYY-MM-DD'), 'L', 'N', 'V');

INSERT INTO horarioEmpleados (idHorario, empleado, fechaInicio, fechaFin, diaSemana, ocupado, rol)
VALUES ('H2', 'E2', TO_DATE('2022-01-01', 'YYYY-MM-DD'), TO_DATE('2022-12-31', 'YYYY-MM-DD'), 'M', 'N', 'A');

INSERT INTO horarioEmpleados (idHorario, empleado, fechaInicio, fechaFin, diaSemana, ocupado, rol)
VALUES ('H3', 'E3', TO_DATE('2022-01-01', 'YYYY-MM-DD'), TO_DATE('2022-12-31', 'YYYY-MM-DD'), 'W', 'N', 'Q');

INSERT INTO horarioEmpleados (idHorario, empleado, fechaInicio, fechaFin, diaSemana, ocupado, rol)
VALUES ('H4', 'E1', TO_DATE('2022-04-01', 'YYYY-MM-DD'), TO_DATE('2022-04-30', 'YYYY-MM-DD'), 'L', 'N', 'V');

INSERT INTO horarioEmpleados (idHorario, empleado, fechaInicio, fechaFin, diaSemana, ocupado, rol)
VALUES ('H5', 'E2', TO_DATE('2022-04-01', 'YYYY-MM-DD'), TO_DATE('2022-04-30', 'YYYY-MM-DD'), 'M', 'N', 'A');

INSERT INTO horarioEmpleados (idHorario, empleado, fechaInicio, fechaFin, diaSemana, ocupado, rol)
VALUES ('H6', 'E3', TO_DATE('2022-04-01', 'YYYY-MM-DD'), TO_DATE('2022-04-30', 'YYYY-MM-DD'), 'W', 'N', 'Q');

INSERT INTO horarioEmpleados (idHorario, empleado, fechaInicio, fechaFin, diaSemana, ocupado, rol)
VALUES ('H7', 'E1', TO_DATE('2022-05-01', 'YYYY-MM-DD'), TO_DATE('2022-05-31', 'YYYY-MM-DD'), 'L', 'N', 'V');

INSERT INTO horarioEmpleados (idHorario, empleado, fechaInicio, fechaFin, diaSemana, ocupado, rol)
VALUES ('H8', 'E2', TO_DATE('2022-05-01', 'YYYY-MM-DD'), TO_DATE('2022-05-31', 'YYYY-MM-DD'), 'M', 'N', 'A');

INSERT INTO horarioEmpleados (idHorario, empleado, fechaInicio, fechaFin, diaSemana, ocupado, rol)
VALUES ('H9', 'E3', TO_DATE('2022-05-01', 'YYYY-MM-DD'), TO_DATE('2022-05-31', 'YYYY-MM-DD'), 'W', 'N', 'Q');

INSERT INTO horarioEmpleados (idHorario, empleado, fechaInicio, fechaFin, diaSemana, ocupado, rol)
VALUES ('H10', 'E1', TO_DATE('2022-06-01', 'YYYY-MM-DD'), TO_DATE('2022-06-30', 'YYYY-MM-DD'), 'L', 'N', 'V');

INSERT INTO horarioEmpleados (idHorario, empleado, fechaInicio, fechaFin, diaSemana, ocupado, rol)
VALUES ('H11', 'E2', TO_DATE('2022-06-01', 'YYYY-MM-DD'), TO_DATE('2022-06-30', 'YYYY-MM-DD'), 'M', 'N', 'A');

INSERT INTO horarioEmpleados (idHorario, empleado, fechaInicio, fechaFin, diaSemana, ocupado, rol)
VALUES ('H12', 'E3', TO_DATE('2022-06-01', 'YYYY-MM-DD'), TO_DATE('2022-06-30', 'YYYY-MM-DD'), 'W', 'N', 'Q');

INSERT INTO horarioEmpleados (idHorario, empleado, fechaInicio, fechaFin, diaSemana, ocupado, rol)
VALUES ('H13', 'E1', TO_DATE('2022-07-01', 'YYYY-MM-DD'), TO_DATE('2022-07-31', 'YYYY-MM-DD'), 'L', 'N', 'V');

--poblarNOOK

INSERT INTO horarioEmpleados (idHorario, empleado, fechaInicio, fechaFin, diaSemana, ocupado, rol)
VALUES ('H13', 'E1', TO_DATE('2022-07-01', 'YYYY-MM-DD'), TO_DATE('2022-07-31', 'YYYY-MM-DD'), 'L', 'N', 'V');

INSERT INTO cirugias (idServicio, duracion, equipoQuirurgico, complicaciones, recetaMedica, anestesia, fechaFin, estadoPos)
VALUES ('S12', 4, 'Equipo L', 'Ninguna', 'Analgesico L', 'Local', ('2022-12-15', 'YYYY-MM-DD'), 'Recuperándose');

INSERT INTO servicios (idServicio, nombre, costo, empleado, tipo, fecha, fechaFin, paciente, estado, duracionEstimada, observaciones)
VALUES ('S17', 'Neurología', 85.00, 'E2', 'M', TO_DATE('2023-02-01', 'YYYY-MM-DD'), TO_DATE('2023-02-01', 'YYYY-MM-DD'), 'P5', 'C', 45, 'Evaluación cerebral');

INSERT INTO pacientes (idPaciente, cliente, nombrePac, especie, raza, fechaRegistro, peso, sexo, fechaNacimiento, edad, comportamiento, numeroChip, esterilizado, fechaActualizacion)
VALUES ('P30', '78901234567', 'Whiskers', 'Gato', '2', TO_DATE('2022-09-05', 'YYYY-MM-DD'), 20000, 'H', TO_DATE('2021-09-05', 'YYYY-MM-DD'), 1, 'Curioso, tranquilo', '789012345678901', 'Nooooo', TO_DATE('2022-09-05', 'YYYY-MM-DD'));

TRUNCATE TABLE guarderias CASCADE;
TRUNCATE TABLE historial CASCADE;
TRUNCATE TABLE laboratorios CASCADE;
TRUNCATE TABLE cirugias CASCADE;
TRUNCATE TABLE vacunas CASCADE;
TRUNCATE TABLE citas CASCADE;
TRUNCATE TABLE servicios CASCADE;
TRUNCATE TABLE pacientes CASCADE;
TRUNCATE TABLE clientes CASCADE;
TRUNCATE TABLE horarioEmpleados CASCADE;
TRUNCATE TABLE certificaciones CASCADE;
TRUNCATE TABLE empleados CASCADE;
TRUNCATE TABLE directorios CASCADE;
